<?xml version="1.0" encoding="UTF-8"?>
<!DOCTYPE hibernate-configuration PUBLIC
		"-//Hibernate/Hibernate Configuration DTD 3.0//EN"
		"http://www.hibernate.org/dtd/hibernate-configuration-3.0.dtd">
<hibernate-configuration>
    <session-factory>
    <property name="hbm2ddl.auto">create</property>
    <property name="show_sql">true</property>
        <property name="hibernate.connection.driver_class">com.mysql.jdbc.Driver</property>
        <property name="hibernate.connection.password">india@123</property>
        <property name="hibernate.connection.url">jdbc:mysql://localhost:3306/infinite_august23</property>
        <property name="hibernate.connection.username">root</property>
        <property name="hibernate.dialect">org.hibernate.dialect.MySQLDialect</property>
        <mapping resource ="com/java/inf/Employee.hbm.xml"/>
         <mapping resource ="com/java/inf/Address.hbm.xml"/>
    </session-factory>
</hibernate-configuration>
